{"count":1,"self":398.935168,"total":1046.1812505999999,"children":{"InitializeActuators":{"count":1,"self":0.0030997,"total":0.0030997,"children":null},"InitializeSensors":{"count":1,"self":0.0025596,"total":0.0025596,"children":null},"AgentSendState":{"count":500067,"self":7.6252128,"total":10.740069799999999,"children":{"CollectObservations":{"count":50007,"self":0.2388466,"total":0.2388466,"children":null},"WriteActionMask":{"count":50007,"self":0.11842689999999999,"total":0.11842689999999999,"children":null},"RequestDecision":{"count":50007,"self":0.5156002,"total":2.7575830999999997,"children":{"AgentInfo.ToProto":{"count":50007,"self":0.5910396,"total":2.2419829,"children":{"GenerateSensorData":{"count":50007,"self":1.3578533,"total":1.6509433,"children":{"RayPerceptionSensor.Perceive":{"count":50007,"self":0.29308999999999996,"total":0.29308999999999996,"children":null}}}}}}}}},"DecideAction":{"count":500067,"self":627.38206719999994,"total":627.3820833,"children":null},"AgentAct":{"count":500067,"self":9.0677816,"total":9.094135099999999,"children":{"AgentInfo.ToProto":{"count":661,"self":0.0073528,"total":0.026353699999999997,"children":{"GenerateSensorData":{"count":661,"self":0.0179105,"total":0.019000899999999998,"children":{"RayPerceptionSensor.Perceive":{"count":661,"self":0.0010904,"total":0.0010904,"children":null}}}}}}},"AgentInfo.ToProto":{"count":330,"self":0.0067078999999999993,"total":0.0195859,"children":{"GenerateSensorData":{"count":330,"self":0.011349699999999999,"total":0.012877999999999999,"children":{"RayPerceptionSensor.Perceive":{"count":330,"self":0.0015283,"total":0.0015283,"children":null}}}}}},"gauges":{"CubeAgentZone.CumulativeReward":{"count":991,"max":1,"min":0,"runningAverage":0.343087733,"value":0,"weightedAverage":0.132567421}},"metadata":{"timer_format_version":"0.1.0","start_time_seconds":"1713348356","unity_version":"2022.3.21f1","command_line_arguments":"C:\\Program Files\\Unity\\Hub\\Editor\\2022.3.21f1\\Editor\\Unity.exe -projectpath C:\\Users\\Acer\\Documents\\school\\2023-2024\\23-24 VR experience\\labo\\2 - MLAgents -useHub -hubIPC -cloudEnvironment production -licensingIpc LicenseClient-Acer -hubSessionId f6435a12-6b47-47cb-bf33-0af9bd070fdc -accessToken ecjMPIs3iQd_ljyHCe6lzb2ybK9wRwu143_gWmFPx7M012f","communication_protocol_version":"1.5.0","com.unity.ml-agents_version":"2.0.1","scene_name":"SampleScene","end_time_seconds":"1713349402"}}