{
    "name": "root",
    "gauges": {
        "CubeAgent.Policy.Entropy.mean": {
            "value": 1.2469065189361572,
            "min": 1.2469065189361572,
            "max": 1.4096837043762207,
            "count": 16
        },
        "CubeAgent.Policy.Entropy.sum": {
            "value": 2473.862548828125,
            "min": 2473.862548828125,
            "max": 2857.428955078125,
            "count": 16
        },
        "CubeAgent.Step.mean": {
            "value": 31954.0,
            "min": 1963.0,
            "max": 31954.0,
            "count": 16
        },
        "CubeAgent.Step.sum": {
            "value": 31954.0,
            "min": 1963.0,
            "max": 31954.0,
            "count": 16
        },
        "CubeAgent.Policy.ExtrinsicValueEstimate.mean": {
            "value": 5.50120735168457,
            "min": 0.9567489624023438,
            "max": 19.93886947631836,
            "count": 16
        },
        "CubeAgent.Policy.ExtrinsicValueEstimate.sum": {
            "value": 170.5374298095703,
            "min": 33.48621368408203,
            "max": 618.10498046875,
            "count": 16
        },
        "CubeAgent.Losses.PolicyLoss.mean": {
            "value": 0.24795387400340088,
            "min": 0.22926284596896243,
            "max": 0.256910977687095,
            "count": 16
        },
        "CubeAgent.Losses.PolicyLoss.sum": {
            "value": 3.719308110051013,
            "min": 3.4389426895344366,
            "max": 4.029369707183731,
            "count": 16
        },
        "CubeAgent.Losses.ValueLoss.mean": {
            "value": 0.867034607366831,
            "min": 0.009953057122307924,
            "max": 3.5842081790918097,
            "count": 16
        },
        "CubeAgent.Losses.ValueLoss.sum": {
            "value": 13.005519110502465,
            "min": 0.14929585683461885,
            "max": 57.347330865468955,
            "count": 16
        },
        "CubeAgent.Policy.LearningRate.mean": {
            "value": 0.0002814036061988,
            "min": 0.0002814036061988,
            "max": 0.00029938120020626664,
            "count": 16
        },
        "CubeAgent.Policy.LearningRate.sum": {
            "value": 0.004221054092982,
            "min": 0.0041746266084578,
            "max": 0.004732884022372,
            "count": 16
        },
        "CubeAgent.Policy.Epsilon.mean": {
            "value": 0.19380120000000003,
            "min": 0.19380120000000003,
            "max": 0.19979373333333333,
            "count": 16
        },
        "CubeAgent.Policy.Epsilon.sum": {
            "value": 2.9070180000000003,
            "min": 2.7915422,
            "max": 3.1776280000000003,
            "count": 16
        },
        "CubeAgent.Policy.Beta.mean": {
            "value": 0.0005000000000000002,
            "min": 0.0005,
            "max": 0.0005000000000000002,
            "count": 16
        },
        "CubeAgent.Policy.Beta.sum": {
            "value": 0.007500000000000003,
            "min": 0.007000000000000003,
            "max": 0.008,
            "count": 16
        },
        "CubeAgent.Environment.EpisodeLength.mean": {
            "value": 3273.0,
            "min": 160.3846153846154,
            "max": 4688.0,
            "count": 12
        },
        "CubeAgent.Environment.EpisodeLength.sum": {
            "value": 3273.0,
            "min": 310.0,
            "max": 9376.0,
            "count": 12
        },
        "CubeAgent.Environment.CumulativeReward.mean": {
            "value": 405.00003480911255,
            "min": 1.2999999523162842,
            "max": 830.000069975853,
            "count": 12
        },
        "CubeAgent.Environment.CumulativeReward.sum": {
            "value": 405.00003480911255,
            "min": 2.5999999046325684,
            "max": 1660.000139951706,
            "count": 12
        },
        "CubeAgent.Policy.ExtrinsicReward.mean": {
            "value": 405.00003480911255,
            "min": 1.2999999523162842,
            "max": 830.000069975853,
            "count": 12
        },
        "CubeAgent.Policy.ExtrinsicReward.sum": {
            "value": 405.00003480911255,
            "min": 2.5999999046325684,
            "max": 1660.000139951706,
            "count": 12
        },
        "CubeAgent.IsTraining.mean": {
            "value": 1.0,
            "min": 1.0,
            "max": 1.0,
            "count": 16
        },
        "CubeAgent.IsTraining.sum": {
            "value": 1.0,
            "min": 1.0,
            "max": 1.0,
            "count": 16
        }
    },
    "metadata": {
        "timer_format_version": "0.1.0",
        "start_time_seconds": "1711546562",
        "python_version": "3.9.18 (main, Sep 11 2023, 14:09:26) [MSC v.1916 64 bit (AMD64)]",
        "command_line_arguments": "C:\\Users\\Acer\\anaconda3\\envs\\MLAgents\\Scripts\\mlagents-learn config/CubeAgentZone.yaml --run-id=CubeAgentZone --force",
        "mlagents_version": "0.30.0",
        "mlagents_envs_version": "0.30.0",
        "communication_protocol_version": "1.5.0",
        "pytorch_version": "1.7.1+cpu",
        "numpy_version": "1.21.2",
        "end_time_seconds": "1711547299"
    },
    "total": 737.1990676,
    "count": 1,
    "self": 0.014486700000020392,
    "children": {
        "run_training.setup": {
            "total": 0.13000269999999992,
            "count": 1,
            "self": 0.13000269999999992
        },
        "TrainerController.start_learning": {
            "total": 737.0545782,
            "count": 1,
            "self": 1.0528495000071416,
            "children": {
                "TrainerController._reset_env": {
                    "total": 9.2811576,
                    "count": 1,
                    "self": 9.2811576
                },
                "TrainerController.advance": {
                    "total": 726.4730851999929,
                    "count": 32112,
                    "self": 0.9766488999900957,
                    "children": {
                        "env_step": {
                            "total": 634.854114700001,
                            "count": 32112,
                            "self": 564.9363493000087,
                            "children": {
                                "SubprocessEnvManager._take_step": {
                                    "total": 69.25205159999791,
                                    "count": 32112,
                                    "self": 2.6268733000005113,
                                    "children": {
                                        "TorchPolicy.evaluate": {
                                            "total": 66.6251782999974,
                                            "count": 32061,
                                            "self": 66.6251782999974
                                        }
                                    }
                                },
                                "workers": {
                                    "total": 0.6657137999943963,
                                    "count": 32111,
                                    "self": 0.0,
                                    "children": {
                                        "worker_root": {
                                            "total": 726.062583799991,
                                            "count": 32111,
                                            "is_parallel": true,
                                            "self": 206.9653137999935,
                                            "children": {
                                                "steps_from_proto": {
                                                    "total": 0.0010399000000003156,
                                                    "count": 1,
                                                    "is_parallel": true,
                                                    "self": 0.0004662000000035249,