{
    "name": "root",
    "gauges": {
        "CubeAgentZone.Policy.Entropy.mean": {
            "value": 0.9879189133644104,
            "min": 0.9879189133644104,
            "max": 1.4240635633468628,
            "count": 113
        },
        "CubeAgentZone.Policy.Entropy.sum": {
            "value": 1963.9827880859375,
            "min": 1963.9827880859375,
            "max": 2866.639892578125,
            "count": 113
        },
        "CubeAgentZone.Environment.EpisodeLength.mean": {
            "value": 8835.0,
            "min": 13.417266187050359,
            "max": 8835.0,
            "count": 92
        },
        "CubeAgentZone.Environment.EpisodeLength.sum": {
            "value": 8835.0,
            "min": 431.0,
            "max": 21370.0,
            "count": 92
        },
        "CubeAgentZone.Step.mean": {
            "value": 225940.0,
            "min": 1956.0,
            "max": 225940.0,
            "count": 113
        },
        "CubeAgentZone.Step.sum": {
            "value": 225940.0,
            "min": 1956.0,
            "max": 225940.0,
            "count": 113
        },
        "CubeAgentZone.Policy.ExtrinsicValueEstimate.mean": {
            "value": 0.03545580431818962,
            "min": -0.0762992724776268,
            "max": 0.33043837547302246,
            "count": 113
        },
        "CubeAgentZone.Policy.ExtrinsicValueEstimate.sum": {
            "value": 1.1345857381820679,
            "min": -2.9756717681884766,
            "max": 31.589740753173828,
            "count": 113
        },
        "CubeAgentZone.Environment.CumulativeReward.mean": {
            "value": 1.0000000149011612,
            "min": 0.10000000149011612,
            "max": 1.0000000149011612,
            "count": 92
        },
        "CubeAgentZone.Environment.CumulativeReward.sum": {
            "value": 1.0000000149011612,
            "min": 1.0000000149011612,
            "max": 38.40000009536743,
            "count": 92
        },
        "CubeAgentZone.Policy.ExtrinsicReward.mean": {
            "value": 1.0000000149011612,
            "min": 0.10000000149011612,
            "max": 1.0000000149011612,
            "count": 92
        },
        "CubeAgentZone.Policy.ExtrinsicReward.sum": {
            "value": 1.0000000149011612,
            "min": 1.0000000149011612,
            "max": 38.40000009536743,
            "count": 92
        },
        "CubeAgentZone.Losses.PolicyLoss.mean": {
            "value": 0.27212837435412146,
            "min": 0.2244446058145345,
            "max": 0.27212837435412146,
            "count": 113
        },
        "CubeAgentZone.Losses.PolicyLoss.sum": {
            "value": 4.354053989665943,
            "min": 3.366669087218017,
            "max": 4.47976145265751,
            "count": 113
        },
        "CubeAgentZone.Losses.ValueLoss.mean": {
            "value": 0.0014414853469987574,
            "min": 3.3989546338243897e-06,
            "max": 0.08565032883017744,
            "count": 113
        },
        "CubeAgentZone.Losses.ValueLoss.sum": {
            "value": 0.023063765551980118,
            "min": 5.098431950736585e-05,
            "max": 1.5417059189431939,
            "count": 113
        },
        "CubeAgentZone.Policy.LearningRate.mean": {
            "value": 0.00016501369499544998,
            "min": 0.00016501369499544998,
            "max": 0.00029940028019990664,
            "count": 113
        },
        "CubeAgentZone.Policy.LearningRate.sum": {
            "value": 0.0026402191199271998,
            "min": 0.0024930726689760007,
            "max": 0.0052168578610474,
            "count": 113
        },
        "CubeAgentZone.Policy.Epsilon.mean": {
            "value": 0.15500455000000002,
            "min": 0.15500455000000002,
            "max": 0.19980009333333337,
            "count": 113
        },
        "CubeAgentZone.Policy.Epsilon.sum": {
            "value": 2.4800728000000003,
            "min": 2.3310240000000007,
            "max": 3.5389526,
            "count": 113
        },
        "CubeAgentZone.Policy.Beta.mean": {
            "value": 0.0005,
            "min": 0.0005,
            "max": 0.0005000000000000002,
            "count": 113
        },
        "CubeAgentZone.Policy.Beta.sum": {
            "value": 0.008,
            "min": 0.007500000000000003,
            "max": 0.009000000000000001,
            "count": 113
        },
        "CubeAgentZone.IsTraining.mean": {
            "value": 1.0,
            "min": 1.0,
            "max": 1.0,
            "count": 113
        },
        "CubeAgentZone.IsTraining.sum": {
            "value": 1.0,
            "min": 1.0,
            "max": 1.0,
            "count": 113
        }
    },
    "metadata": {
        "timer_format_version": "0.1.0",
        "start_time_seconds": "1711556106",
        "python_version": "3.9.18 (main, Sep 11 2023, 14:09:26) [MSC v.1916 64 bit (AMD64)]",
        "command_line_arguments": "C:\\Users\\Acer\\anaconda3\\envs\\MLAgents\\Scripts\\mlagents-learn config/CubeAgentZone.yaml --run-id=CubeAgentZone --force",
        "mlagents_version": "0.30.0",
        "mlagents_envs_version": "0.30.0",
        "communication_protocol_version": "1.5.0",
        "pytorch_version": "1.7.1+cpu",
        "numpy_version": "1.21.2",
        "end_time_seconds": "1711561689"
    },
    "total": 5583.159587,
    "count": 1,
    "self": 0.028852200000073935,
    "children": {
        "run_training.setup": {
            "total": 0.14872189999999996,
            "count": 1,
            "self": 0.14872189999999996
        },
        "TrainerController.start_learning": {
            "total": 5582.9820129,
            "count": 1,
            "self": 8.828186599941546,
            "children": {
                "TrainerController._reset_env": {
                    "total": 11.2030417,
                    "count": 1,
                    "self": 11.2030417
                },
                "TrainerController.advance": {
                    "total": 5562.486053800059,
                    "count": 230708,
                    "self": 8.462169099923813,
                    "children": {
                        "env_step": {
                            "total": 4839.267594100065,
                            "count": 230708,
                            "self": 4265.202614000109,
                            "children": {
                                "SubprocessEnvManager._take_step": {
                                    "total": 568.3616485999935,
                                    "count": 230708,
                                    "self": 21.83619779986907,
                                    "children": {
                                        "TorchPolicy.evaluate": {
                                            "total": 546.5254508001244,
                                            "count": 226874,
                                            "self": 546.5254508001244
                                        }
                                    }
                                },
                                "workers": {
                                    "total": 5.70333149996239,
                                    "count": 230707,
                                    "self": 0.0,
                                    "children": {
                                        "worker_root": {
                                            "total": 5558.776251499905,
                                            "count": 230707,
                                            "is_parallel": true,
                                            "self": 1679.899151099998,
                                            "children": {
                                                "steps_from_proto": {
                                                    "total": 0.0009373000000003628,
                                                    "count": 1,